{
  "attn_mode": "chunk",
  "bos_token_id": 1,
  "clamp_min": null,
  "eos_token_id": 2,
  "expand_k": 1,
  "expand_v": 1,
  "feature_map": "relu",
  "fuse_cross_entropy": true,
  "fuse_norm": true,
  "hidden_act": "swish",
  "hidden_ratio": 4,
  "hidden_size": 4096,
  "initializer_range": 0.02,
  "intermediate_size": 14336,
  "max_position_embeddings": 32768,
  "model_type": "gla",
  "num_heads": 32,
  "num_kv_heads": 8,
  "num_hidden_layers": 32,
  "norm_eps": 1e-05,
  "tie_word_embeddings": false,
  "transformers_version": "4.40.0",
  "use_cache": true,
  "use_output_gate": false,
  "use_gk": true,
  "use_gv": false,
  "vocab_size": 32000
}
